short_term_jsd,long_term_jsd,seasonal_strength1,trend_strength1,ADF:p-value,file_name,mean,var,max_kl_shift,time_kl_shift,max_level_shift,time_level_shift,max_var_shift,time_var_shift,x_acf1,x_acf10,diff1_acf1,diff1_acf10,diff2_acf1,diff2_acf10,ARCH.LM,crossing_points,entropy,flat_spots,alpha,beta,hurst,lumpiness,nonlinearity,x_pacf5,diff1x_pacf5,diff2x_pacf5,stability,unitroot_kpss,unitroot_pp,firstmin_ac,firstzero_ac,trev_num,walker_propcross,std1st_der,histogram_mode,arch_acf,garch_acf,arch_r2,garch_r2,nperiods,seasonal_period,trend,spike,linearity,curvature,e_acf1,e_acf10,lambdas,DN_HistogramMode_5,DN_HistogramMode_10,CO_f1ecac,CO_FirstMin_ac,CO_HistogramAMI_even_2_5,CO_trev_1_num,MD_hrv_classic_pnn40,SB_BinaryStats_mean_longstretch1,SB_TransitionMatrix_3ac_sumdiagcov,PD_PeriodicityWang_th0_01,CO_Embed2_Dist_tau_d_expfit_meandiff,IN_AutoMutualInfoStats_40_gaussian_fmmi,FC_LocalSimple_mean1_tauresrat,DN_OutlierInclude_p_001_mdrmd,DN_OutlierInclude_n_001_mdrmd,SP_Summaries_welch_rect_area_5_1,SB_BinaryStats_diff_longstretch0,SB_MotifThree_quantile_hh,SC_FluctAnal_2_rsrangefit_50_1_logi_prop_r1,SC_FluctAnal_2_dfa_50_1_2_logi_prop_r1,SP_Summaries_welch_rect_centroid,FC_LocalSimple_mean3_stderr
0.07216807689459698,0.10533375854935041,0.6430124813986693,0.035343747328416275,1.0359617536162726e-12,0,989.9892325793229,84.77160033713841,2.5443002816320357,7756.0,0.4390066695045427,7750.0,0.028888487696279684,7743.0,0.999885109636946,9.968136292703601,0.6120482673209426,2.032730027109863,-0.31564161624240145,0.12922157536778744,0.9998470749306096,179.0,0.47422796033503994,832.0,0.9998999857167942,0.2765443850088285,0.9999541773187628,1.748957767818226e-06,1.8675778437197992e-05,1.1559604769281324,0.469864940859911,0.2757664143637095,0.9995020464036165,6.155271448572512,-30.152819341071716,1629.0,1450.0,4.813055368589727e-07,0.03837176202675776,0.01090430583720601,0.5,0.13310838679399464,0.0030552789886633706,0.07141376521175731,0.0030238302783607666,0.0,1.0,0.39384831184675617,3.3415763273187937e-10,-38.53189383079011,0.6615911039698383,0.9998891580281221,9.956210623039775,1.9999242481629698,-0.23506000412797023,0.11515696910741058,502.4096710296728,1629.0,1.0692880708678434,4.813055368589841e-07,0.005977796754910333,2770.0,0.009773662551440328,9000.0,4.418819689646379,40.0,0.06413793103448276,0.5059681949294064,0.3131736754212844,0.9998927712632683,84.0,1.137795219517427,0.52,0.5,0.0019174759848571777,0.018748826182445763
0.06983500273220714,0.06305168039856868,0.8732071073848474,0.9744844689750037,2.1485277355859802e-13,1,10.818240663427964,55.78103963548546,28.057916310943995,22261.0,1.1925817255243853,22253.0,0.32666498045386666,22248.0,0.999392795428732,9.79481189718172,0.5478818992808164,1.0250518879999748,-0.23727233443160306,0.1210509210343477,0.9974381601350447,428.0,0.5736427741132728,701.0,0.9998998907078167,0.4531806062712715,0.9999541773187628,0.00011891589901554918,0.000834191082380988,1.3092331658653107,0.35373350964798567,0.2547834772260102,0.9952765506822034,46.74909267776672,-199.70373931818412,74.0,10289.0,-1.1724824082440476e-05,0.04000379542651106,0.03395989910502653,-0.25,0.11916377668884305,0.001306684474362316,0.06659861010497434,0.0012720109930674137,0.0,1.0,0.6707620839725417,7.889991289165196e-11,34.19823828528867,-160.51881601747408,0.9982470565000292,9.396897266587434,1.000000151343072,-0.6542316517029727,-0.9303182709946856,3815.4115302744544,74.0,1.126502954392347,-1.1724824082439984e-05,0.17107884998576714,2863.0,0.08000000000000002,141.0,1.707896481966221,40.0,0.0031101176013218,0.15192804007894334,-0.5035581448307271,0.9995104603041737,72.0,1.1736521066831422,0.3,0.18,0.00019174759848571778,0.05617822337439563
0.07148992921369707,0.06431226860840819,0.8693065631109265,0.9741990802446964,1.8799618641198949e-13,2,284.79693752846515,58.018610399057664,27.855734524039008,22261.0,1.1885264713524646,22253.0,0.327201352242074,22248.0,0.9994031730073195,9.79767760772994,0.5512094346429361,1.0411066038958574,-0.23607552292916878,0.12049722054603128,0.9975609740519038,416.0,0.5728350858992385,516.0,0.9998999465402822,0.48800712299390747,0.9999541773187628,0.00011571528055704796,0.0008268071190515043,1.3104622031993682,0.3575572590697708,0.2531533391836161,0.9953888506888656,46.50026882239401,-197.23887102106454,75.0,10288.0,-1.219039865604333e-05,0.039092893063858054,0.033601852791024324,-0.25,0.11938511911463229,0.00141911389051417,0.0670081730484419,0.0013817882926893995,0.0,1.0,0.6590392155031126,8.216296105373507e-11,37.21383402757727,-157.84280504332847,0.9983413247049523,9.425688422011124,-0.9999242481629698,-0.7516005522386036,-1.0334702455992293,3664.1351829348646,75.0,1.1135288257140759,-1.2190398656043595e-05,0.16434196792864597,2862.0,0.08000000000000002,141.0,1.7294782464118568,40.0,0.003110419906687403,0.15739335053894044,-0.5086628966145438,0.9995202063741638,72.0,1.173671265326461,0.3,0.18,0.00019174759848571778,0.05567303201805381
0.07822910314612012,0.08478826286884186,0.5308541325457751,0.7868182168936693,1.1393971043149404e-08,3,5.409104865644451,35.482539980577144,15.699930226548588,12883.0,1.2362503553431536,14180.0,0.3453465659459821,14183.0,0.9993867003422668,9.883514393448007,0.270215707072754,0.10453561460770766,-0.3681123022992965,0.15585539098428938,0.9966429493465163,428.0,0.4705921020396336,481.0,0.9998999808713778,0.21045936278264987,0.9999541773187628,8.361002132880823e-05,0.0010484253969005345,1.0731541554225845,0.08071562379171465,0.33415367691776743,0.9970471414927464,66.92380432042332,-73.05649592341223,558.0,12079.0,-1.4018310338029507e-05,0.0780529461998292,0.034389419944062076,-0.75,0.1533180311295798,0.001027364480242477,0.07606861889144349,0.0010659886623137513,0.0,1.0,0.7078218043997242,5.98141134928503e-11,77.24955440016906,-128.76250096259216,0.9979747025300356,9.613687276714849,1.000000151343072,-0.34651688941044356,-0.6345108444065302,6812.320789034737,558.0,1.1472447828571721,-1.4018310338029794e-05,0.14445393301072207,5429.0,0.0625,867.0,1.9868267935022283,40.0,0.0011590363440682175,0.21639213602550478,-0.5396235008349779,0.9993931147018174,43.0,1.1749278284492641,0.38,0.28,0.00019174759848571778,0.04969028923884469
0.11499832903196117,0.09207473240808266,0.8079256726500512,0.8724424353863396,8.042519204906962e-30,4,72.48713336875664,369.80288047379605,98.43010708676037,14184.0,2.8102584885729813,14176.0,1.6628784030710306,14172.0,0.9975558343295173,9.336407736106457,0.47042191048289717,0.4332914518195438,-0.24642189149470983,0.11455837365984455,0.991913302818139,970.0,0.6584055678197073,379.0,0.999899934653313,0.45811290136799676,0.9999541773187628,0.0020496158415918312,0.0005631732206686647,1.2356082916587343,0.24352119624478444,0.24239532162367067,0.9831839582058375,31.647546251597998,-554.2320847401053,75.0,639.0,0.0002063389879237433,0.050744852452794385,0.06981311932801079,0.75,0.13126895202252498,0.00046565039688216804,0.07190336697359123,0.00046268406792342436,0.0,1.0,0.31148372596702356,2.3629454160731143e-10,59.54355355621834,85.85431599174369,0.9964604401036795,9.048565925791625,0.8932181866786256,1.0207281201939131,1.2257175536337312,47.89264792227806,75.0,1.1179488817708076,0.00020633898792374016,0.38288262643514565,855.0,0.0045112036486218525,141.0,0.9360630912116902,40.0,0.048513302034428794,0.4808049946865036,-0.15571390617883707,0.9978293951446169,41.0,1.2554037983871331,0.32,0.26,0.012271846303085938,0.11096810462284948
0.07991326886908566,0.06828321394372999,0.872997670293479,0.9645842396227181,6.305834826628229e-16,5,14.487045696068012,58.26208057830845,104.01600464075746,23726.0,1.9980452812370497,23718.0,0.946536056601656,23723.0,0.9992036121458261,9.740452076988046,0.509761922426534,0.8960974699533355,-0.2613998870479913,0.12593613674280432,0.9964709260756595,428.0,0.5979312757571789,1068.0,0.9998995934142222,0.4306887411793677,0.9999541773187628,0.0004180459929894172,0.0024156209965098016,1.2870732816237416,0.3137430413775221,0.2778702246817821,0.9939554613349182,42.19135850160071,-255.15729503761276,74.0,9279.0,-6.740984579457747e-05,0.03970016130562672,0.03941692144978365,-0.75,0.17144669503107968,0.0019166723712086035,0.08623287170343248,0.001694583817368708,0.0,1.0,0.6281102657778141,2.823893883108247e-10,32.71509268185993,-146.07468257595386,0.997910899515431,9.31982431614874,-0.20588116563943323,-0.7241025226024724,-0.38412956969379897,2229.0033116748505,74.0,0.8660191127755348,-6.740984579457948e-05,0.16821330296992124,2588.0,0.08000000000000002,141.0,0.8906121763408303,40.0,0.003556417717426447,0.1670525277060877,-0.4951419462577805,0.9993547209792321,72.0,1.1736521066831422,0.3,0.18,0.00019174759848571778,0.06411498503950248
0.10467714118112852,0.0913322231364648,0.5133867775514238,0.7692971108789246,7.394846211169494e-08,6,9.676828222255958,16.18858694504351,28.748265458534277,38399.0,1.139056813446535,38390.0,0.3911768223809591,14183.0,0.999256632560371,9.867817371282223,0.252037640997057,0.0804423745008891,-0.36439286296472867,0.15599553846642214,0.9951939131357632,426.0,0.4737791233733933,694.0,0.9998997436457034,0.205858363177217,0.9999541773187628,0.00014297643762368914,0.003142980116449099,1.0637032748496804,0.06928731632322231,0.3400475268521982,0.9965637908660359,60.601530795471724,-79.26925662649347,556.0,11632.0,2.618526366074153e-06,0.0781288547300503,0.03806919716662305,-0.75,0.2090466434612485,0.0011234988818685616,0.09641286620389983,0.0011624825771878917,0.0,1.0,0.7077620080570766,7.098002114919872e-11,69.24015603456972,-129.14645077874025,0.9975193306716382,9.559819956209482,-0.01781660686108211,-0.24004652349544697,-0.5143099303552057,5352.277364689346,556.0,1.1564057882436243,2.6185263660741723e-06,0.13767909668849038,4423.0,0.0625,721.0,1.1776491051688047,40.0,0.001203576341127923,0.21711325337786547,-0.5389782905723395,0.9992490328903049,41.0,1.174751427694291,0.36,0.28,0.00019174759848571778,0.05432681445105187
0.11623760894026283,0.10028575037422638,0.8441132697393553,0.8801561928525677,1.6601746935077063e-29,7,4.810131129497495,30.68406059007297,334.5110987456115,22261.0,3.1023666320817807,32348.0,2.1035706372503737,32342.0,0.9980178695804749,9.40849994079465,0.4882462494321226,0.6334073345857807,-0.2521959540605009,0.12125029967646564,0.9948700533040693,956.0,0.6567937802522316,4463.0,0.9966351525703918,0.44953349547614446,0.9999541773187628,0.0028188541823085823,0.00032643722830526527,1.2641293630745596,0.276069624486857,0.26229433671379876,0.985454401500481,18.539167460126027,-550.2609420922948,73.0,501.0,-0.0004039207894442936,0.04877123066704621,0.06282474483811706,-0.5,0.19178004612170096,0.0006884940281581043,0.09754085924668161,0.0006043899539828713,0.0,1.0,0.3362129692615978,1.0765203804616586e-09,-5.046005063975762,-107.27179299675893,0.997027236180257,9.120994126670967,0.5311036964875341,-0.10834022641993568,-0.48835080311660634,44.751434854219795,73.0,0.5227626880936436,-0.0004039207894443171,0.25846854540278963,398.0,0.0038699924414210126,141.0,0.6271181521822481,40.0,0.06387225548902195,0.1408645817519356,0.26385304387429787,0.9983413049238086,64.0,1.2462106566248465,0.3,0.22,0.015627429276586,0.10091261855266503
0.14917726765933736,0.09859788501797263,0.5137394259896542,0.7669533520104378,6.582382732124233e-08,8,6.111158531956884,6.561466328335213,29.24902728506671,38399.0,1.148529662937038,38390.0,0.3781336346110035,14183.0,0.999258556175058,9.868367477108798,0.2508962672646099,0.07980478330876328,-0.3652610317496709,0.15635667331987654,0.9951859123225957,394.0,0.47369736263986356,696.0,0.9998999852426329,0.20374675142996052,0.9999541773187628,0.00014183401879688305,0.0032146841943755944,1.0630631254043144,0.06868629256655075,0.34076681795868563,0.9965835705939918,60.37447713386607,-79.02428862317078,557.0,11607.0,3.1132435552534892e-06,0.07884998576715058,0.038017016140757,-0.75,0.20974767861874344,0.0009666117513729727,0.0965793614035712,0.0009874189962590936,0.0,1.0,0.7053707983773951,7.247016923195966e-11,69.33472337528153,-128.70087953833456,0.9975460448719622,9.565161205659514,-0.01656122569307707,-0.22687893025882766,-0.5021044273256574,5341.873265991226,557.0,1.149744145935094,3.113243555253481e-06,0.13743239396527185,4416.0,0.0625,721.0,1.1781522666524864,40.0,0.0012061686913069699,0.2171512069227266,-0.539376802793381,0.9992509183216572,29.0,1.1719537798104152,0.36,0.28,0.00019174759848571778,0.05422398570704637
0.10279628258420778,0.09172486779037148,0.5139087044857955,0.7673959005764255,6.649583253955395e-08,9,9.782340784879308,16.668307349163776,29.423901733053814,38399.0,1.1453250316707206,38390.0,0.3788632376763622,14183.0,0.9992623216212707,9.868658402817536,0.25270809810154987,0.08095492665901605,-0.3643071945829575,0.15578695060752887,0.9952215504004244,390.0,0.47356779256054987,681.0,0.999247855336419,0.20141393994621304,0.9999541773187628,0.00014061202942946576,0.003165810612968013,1.0639188590081834,0.06960694381997787,0.3395400116501256,0.9965923445200925,60.46545212989131,-78.89279438608828,557.0,11608.0,2.544619687083285e-06,0.07793908340449758,0.03791683805407043,-0.75,0.21013589633011773,0.0008910554768163413,0.09658407065316331,0.0009157694309706205,0.0,1.0,0.7056255153315882,7.192242910051334e-11,69.42530494890174,-128.74649978652963,0.9975568408331397,9.56577380827869,-0.0139792890007783,-0.23522291271525475,-0.5100421354557473,5343.811441033129,557.0,1.150915078073922,2.5446196870833312e-06,0.13967169560679382,4416.0,0.0625,722.0,1.1876545058424943,40.0,0.001206064782908339,0.21717967208137245,-0.539310384089874,0.9992545974092916,29.0,1.1721256974721903,0.36,0.28,0.00019174759848571778,0.05413163592248355
0.06605791258102098,0.06460283472363249,0.851272453369837,0.9769141953939604,3.260294278162172e-12,10,1210.8828548656445,1327.1611109500714,18.07185483111094,22261.0,1.0793785299186154,14172.0,0.22308466696443316,22248.0,0.9995089824787363,9.832852891842787,0.5588934923234861,1.1130339109238474,-0.24002571761157127,0.11981441665191368,0.998305898505595,430.0,0.5562985868034063,702.0,0.9998999965275956,0.5286702274599189,0.9999541773187628,7.236032021357131e-05,0.0006100063281781256,1.3042680169932714,0.3677930304233452,0.2520667488284753,0.9963395560924405,44.61747037498855,-163.6447008234572,77.0,10568.0,5.051972038521932e-06,0.037688585254768,0.030061566914382824,0.25,0.12469948026516545,0.0013863655184445296,0.0700516418922973,0.0013582744194358585,0.0,1.0,0.6260556149562512,9.095687902703128e-11,-45.08949568638517,146.49886267418043,0.9987834717283176,9.568524906976508,1.9999242481629698,0.056742588786003134,0.34652945467153295,3236.592632649637,77.0,1.1259278009407017,5.05197203852198e-06,0.13813454786981688,2525.0,0.0625,139.0,2.1949489575618024,40.0,0.003028009084027252,0.5389782905723395,0.16597085167754666,0.999606075045001,48.0,1.1735250255315897,0.32,0.24,0.0002876213977285767,0.05002286622487206
0.039553194205715965,0.03571074123426077,0.3609841263445901,0.3752210926609072,0.0,11,1.995934985577653,1900.6924026061913,19967.275125283097,7254.0,22.955881857155692,7246.0,5262.759577663976,7243.0,0.001180759054890057,1.275290070162272e-05,-0.499985578159872,0.24998560882260462,-0.6666745725879797,0.4722538569595644,4.3444428452898736e-09,5746.0,1.0,45450.0,0.00010010442800658997,0.00010000267239155546,0.5023900151264971,5256.031313612524,0.01185236899058942,6.724698685261899e-06,0.49137623729947494,1.0471904168665247,0.1010463237935083,0.020514382149958196,-53119.107475904675,3.0,32.0,0.04260971709146041,0.25539424992883575,1.413391793611634,-10.0,4.34262806693451e-09,4.3427927502761945e-09,4.3444428452898736e-09,4.344607429905389e-09,0.0,1.0,3.923491015400682e-05,1.8925439325198788e-05,0.22478329363057728,0.43690277830687935,0.0011415515107436925,1.188238859003686e-05,0.42329334755409215,-22.69661899792382,-11.213276312985045,1.6328678232413987,3.0,3.601520596731648e-10,0.04260971709147022,0.014517506404782237,279.0,0.006797410613355301,0.0,0.00062351948644885,2.0,0.03125,0.396064217397905,0.07577425231516621,0.2008807544642704,16.0,1.679890690903268,0.34,0.3,1.5688788508101428,1.154092891255178
0.03877947122721904,0.03275037172923493,0.5877955557564288,0.16184303548670975,0.0,12,3.632806854410202,6.063742000914019,307.3101444202916,374.0,3.3218724001711113,5782.0,3.4760385761686337,23710.0,0.9280181987861443,6.957781135783992,-0.2734837630460452,0.0804803324139485,-0.5807911471827796,0.3418963407069759,0.7490257385508485,5076.0,0.7435093883527343,120.0,0.6228662266410551,0.00010005744744430872,0.9999541773187628,0.03926430319023886,0.028083979078671238,0.9502763629138451,0.11474929063843356,0.7262390689205759,0.8788558468320117,11.477909561967792,-3319.622421315953,79.0,344.0,0.008663655983949765,0.2549767530126198,0.37938503694884,-0.5,0.29314808288681077,0.0006438603687327371,0.11055731200545059,0.0006336247398820912,0.0,1.0,0.13288667747272964,1.0472957000385356e-09,-36.99542114241351,23.13625927565682,0.9169777728803896,6.545382853990108,0.3247453890859363,-0.5453096611767144,-1.0102905778265932,40.134206468358364,79.0,0.31803141223954207,0.008663655983950407,0.8715058354682608,269.0,0.0015663491249804204,141.0,0.23296989084276495,40.0,0.0029069767441860465,0.5152857901928041,0.09328032488234406,0.9325907553097619,11.0,1.6497814590750506,0.36,0.32,0.03135073235241485,0.3839589301204556
0.11000639322970625,0.07769892317923666,0.4054026369913313,0.07779055494203257,2.317225124963275e-30,13,176.8502757325034,6592.602056515677,712.1511257141051,37995.0,3.8634105279293784,16150.0,5.281090144576208,12417.0,0.6742068886435902,2.752181377189248,-0.36567687704989293,0.1406111585991633,-0.6072580832884948,0.3779171716983553,0.7035611916222649,7736.0,0.8677707818611564,94.0,0.3131276672677159,0.00010010719347674295,0.9208530669874428,0.735055705877094,0.9655268624572012,0.5703653968563585,0.25995686851349203,0.8390406742712819,0.6018620700070498,3.274114208649055,-33591.49324643666,34.0,1068.0,0.04062707775704589,0.26211215485340167,0.8072090309161287,0.25,0.5880467536771862,0.0005986865781815721,0.18593804392638397,0.0006214084253372582,0.0,1.0,0.09051911416287195,5.818070653731335e-10,-2.822632852925387,29.13623128524566,0.6417842045707683,2.2871510656505083,0.011353163475980295,0.03879217280530656,0.2604811370429059,22.402961713185682,34.0,0.4862820795936368,0.04062707775704469,0.7706423759369959,351.0,0.007358045258919892,124.0,0.1509182771379092,33.0,0.0009363295880149813,0.058467435858509165,-0.11298770305146505,0.7047152905947722,12.0,1.7586421182137026,0.4,0.88,0.09136773067844452,0.7472761207849075
0.10181041027685071,0.33290001598688734,0.3730936284660922,0.5994402641625768,0.0,14,0.011773189615910127,0.015200226077659912,2583.4757795162727,32734.0,27.820766828186485,38583.0,833.3282487419316,24133.0,0.6852338073281322,1.1762565239071505,-0.19076233539584428,0.05964622012316476,-0.5295538197625138,0.2820380862462742,0.09113304089891716,1240.0,0.9323849581449967,13858.0,0.6908546881938065,0.00010021919090129196,0.9999006956627857,198.80264048374494,0.8380361400063125,0.47464444571762243,0.1058635605400977,0.6187154120948392,0.45100721089968093,0.33146126057095,-20924.049277810205,21.0,103.0,-0.44821517269761046,0.02432868393585729,0.7934380796166117,-5.0,0.11615029607334917,2.3526583587190135e-07,0.11662292824169808,2.380824326959094e-07,0.0,1.0,0.002355881937488924,7.555520248364588e-07,0.9002831453669329,-4.363251587041713,0.6844906240175985,1.1675195139871957,0.20843642457425685,8.988839558151025,4.446673545383318,4.052773946363746,21.0,0.0009748276549493834,-0.4482151726983694,0.03852357908719992,84.0,0.2872167820027241,55.0,0.012373088239167699,20.0,0.009708737864077669,0.2277781994838317,0.001328374070138194,0.6715629211933744,7.0,0.24227045940414355,0.2,0.38,0.3276007720128488,0.8457517170061924
0.14284718545593056,0.42014961882624563,0.37350852328546247,0.07866682610145204,0.0,15,25.907469257628662,12433.012711264833,485.91239977828354,50366.0,5.381000861186511,18973.0,8.04310285224721,18968.0,0.8596263394942076,3.903333857560373,-0.1385041460884551,0.041892622625393214,-0.5034301492112541,0.25747286852271595,0.7083246904337686,1314.0,0.8389141356863079,2128.0,0.7947942013266587,0.00010000076847951717,0.9999541773187628,1.2352172563898853,0.22331543319017458,0.7603164450624642,0.0651555715398912,0.5850324710430673,0.7185663157662155,0.3765720864339534,-8292.280621143089,60.0,387.0,-0.008038349099663323,0.029832052376885854,0.5298590377544377,-0.25,0.3303665415640503,3.5501732200555535e-05,0.1303155291446813,3.5769701130794484e-05,0.0,1.0,0.006031447331320883,7.291638849760796e-09,4.44960334145356,7.865406041712264,0.8587737822878309,3.876310039247506,0.2836621500552948,0.30575322880802014,0.0367031857485709,16.951063052794208,60.0,0.10673069337821499,-0.00803834909967442,0.060385235790872,145.0,0.20703575547866201,212.0,0.1502064413060774,40.0,0.002583979328165375,0.035107028996508305,-0.00020874449673602413,0.851655564311976,6.0,0.3360332987482013,0.42,0.44,0.06864564025788697,0.5857862434952574
0.2205826935396925,0.2777858351051473,0.8758746556608962,0.6596875656923684,0.0,16,131.33182177015334,46541.640266543516,572.6084632610291,28153.0,3.1615900680067015,22242.0,2.5525362432359073,22248.0,0.9626937850866656,7.921152691592009,-0.18855309172910628,0.06024937871928958,-0.5242884039582493,0.28152004211902676,0.7991271059952162,736.0,0.7177641904103863,424.0,0.700620521482022,0.009300289764890366,0.9999541773187628,0.045374492049704104,0.4990129302634058,0.9915609679951125,0.07563912943121538,0.6843370893290007,0.9258479353325537,10.76323127168417,-1794.7998385788085,72.0,40.0,-0.006219381886971927,0.05298415409431635,0.2731296027491552,-0.75,0.8766573447389732,0.00017502498961425916,0.22590022221492073,0.0011716354144761143,0.0,1.0,0.12591387461925085,1.0675502158924993e-09,-14.032253754888453,-67.52127909218012,0.957327481775553,7.646337519822503,0.2002145680458395,-0.09179229667951194,-0.3502782633562399,27.45334348716269,72.0,0.4446732850586555,-0.006219381886968692,0.357548154473859,82.0,0.005776341043385113,142.0,0.2614264428402186,40.0,0.025,0.06347730378017302,0.04909291027781992,0.963279089597713,49.0,1.221824861787664,0.38,0.36,0.043622578655500795,0.2907492205276661
0.20694340473839726,0.27427409926122626,0.882851066899022,0.6715144556351718,0.0,17,259.8634384013967,178748.43712571397,569.9153403444332,28153.0,3.183604378979773,22242.0,2.5532359933314197,22248.0,0.96476300855468,7.986214543566788,-0.18269767885291138,0.058354202726638736,-0.5222648262483877,0.27949159579358634,0.8052962920158705,742.0,0.7148890434307662,423.0,0.70598437877693,0.011107801663994932,0.9999541773187628,0.0430876017106498,0.48458034000436395,0.9926310008743049,0.07197543210628136,0.6804459695994454,0.9287842457698883,10.967125734869118,-1716.7566025079798,72.0,40.0,-0.006184652951679355,0.0502134927412468,0.2654448744538509,-0.75,0.8875619477253274,0.0002569004548824794,0.22740845733544648,0.0018302453789116355,0.0,1.0,0.1295259005026712,1.0677633935509696e-09,-13.741124143679894,-68.6178883748064,0.9595277162666034,7.710639377653894,0.20221935424483792,-0.11042792701107207,-0.36253625180415067,27.53169890481798,72.0,0.46349436921631376,-0.00618465295167477,0.35948382199449663,83.0,0.005779223736789337,142.0,0.2629300291221822,40.0,0.025,0.056835433429482274,0.04990891149233345,0.9652475651135467,51.0,1.2106301871988165,0.38,0.36,0.043622578655500795,0.2839285945929862
0.2176656967261879,0.28101271155334445,0.7391943448594656,0.3974198133087242,0.0,18,308.60193885683924,324850.7101914795,597.0244188768601,22703.0,10.321698759391213,26847.0,125.21702349240901,26854.0,0.8178307377469775,4.881630191502107,-0.3323052790781267,0.14910053290371122,-0.5693119281574781,0.35646978382269146,0.23152958305510463,778.0,0.8105069084157086,8425.0,0.42710303322543275,0.00010001872650573322,0.9999541773187628,15.487909725330297,2.3093662783454825,0.8131624654419862,0.2234853872246629,0.8074128281894937,0.7602402729227272,10.781053850050299,-14120.512771506605,72.0,40.0,-0.05887505049606217,0.041142423379827306,0.6036011196392037,-1.0,0.21347054520998576,0.00011021476070579572,0.12780113785440367,0.0004552350480789348,0.0,1.0,0.10001404891209775,2.4141376394059674e-08,-11.855374834115064,-60.516201046358916,0.7975925668632179,4.43165103068227,0.1657075419964446,1.6502024791516376,0.5538087840374857,23.310857226246263,72.0,0.5613413834567254,-0.05887505049609203,0.319442072302875,82.0,0.005306269838936232,132.0,0.04179810256523336,40.0,0.025,0.04565811446789125,0.05021253985122209,0.8341975111046348,54.0,1.2154059581160983,0.42,0.86,0.04371845245474365,0.5618397699543257
0.07583453869223751,0.06555691954541396,0.8870663129607013,0.9713877318185468,6.373717957518481e-14,19,21.515205518445423,60.693753680125916,10.189054375894667,22265.0,1.3054160680639155,22256.0,0.273115035099478,22261.0,0.9996142311078147,9.768547289880145,0.9406614701046415,4.8239741021426745,0.2112930462135197,0.0952297032091579,0.9997245230427292,314.0,0.5882734418566208,441.0,0.9976479692290728,0.9970223818067308,0.9999541773187628,0.0001537413450190624,0.0005562847806154863,1.7903898733537025,0.9674697869084593,0.0880704025984952,0.9949915964385785,45.31688932704914,-244.93821041394688,74.0,9713.0,7.791021225657249e-06,0.023702438561533354,0.026826999379957146,-0.75,0.3755992183906065,0.0002386871340760351,0.21938716914111647,0.00024252253660264335,0.0,1.0,0.6630834474302995,9.207038337062964e-11,29.800706988655357,-160.8388020365598,0.9989291111025479,9.333869857105322,0.5041161888963579,-0.25135427220748585,-0.5221286277218241,3664.3447770732573,74.0,1.1671684273053697,7.791021225657125e-06,0.1102761172786792,3998.0,0.04000000000000001,142.0,2.1935007800973727,40.0,0.0031915988880881294,0.1572415363594959,-0.4908531956884773,0.9998905560993587,109.0,1.1663075892247525,0.28,0.18,0.00019174759848571778,0.05228725348244323
0.13842133428495207,0.09212226339314494,0.3725482317113724,0.8671361674218527,0.0,20,417.79861469561257,103407.27456568694,18642.62458938329,7286.0,32.45122216716059,7244.0,292.52834558995545,7249.0,0.9603773835701949,6.23197022232611,0.002745302481978315,7.564161362295006e-06,-0.4986026589900725,0.24860662064840774,0.9219842490761453,1316.0,0.7804977582460368,24480.0,0.9998939927358081,0.00010031082339131517,0.9999541773187628,42.777469314948235,0.002303991648707195,0.9241994242220032,7.54652910847273e-06,0.4893429727490991,0.8410409437840127,0.4020421171084993,-2466.858520781769,69.0,39.0,-0.016320739060481627,0.07617421007685739,0.2815078206282556,2.5,2.378263102884946e-05,4.763091669197559e-09,2.3705820992758017e-05,4.761929266398198e-09,0.0,1.0,0.002493011153764768,3.7384549436663047e-07,5.63627134075567,1.5656373157462344,0.9602783719741692,6.224083298816376,0.2096084236878809,-2.9415634869148892,-1.305341278968207,16.86603333179441,69.0,0.006492382335353653,-0.01632073906048501,0.005522345573583831,4451.0,0.006986810402434215,17140.0,0.01999805846525377,37.0,0.05128205128205128,0.26314141490815246,0.12072073781691206,0.9613547314003753,32.0,1.2951770102206102,0.4,0.2,0.06107161011770111,0.35165583772534065
